State,County,State_County,Year,Median AQI,Days CO,Days NO2,Days Ozone,Days SO2,Days PM2.5,Days PM10
Alabama,Baldwin,Alabama Baldwin,2016,37,0,0,221,0,58,0
Alabama,Clay,Alabama Clay,2016,30,0,0,0,0,116,0
Alabama,Colbert,Alabama Colbert,2016,38,0,0,219,0,63,0
Alabama,DeKalb,Alabama DeKalb,2016,40,0,0,321,0,27,0
Alabama,Elmore,Alabama Elmore,2016,40,0,0,117,0,0,0
Alabama,Etowah,Alabama Etowah,2016,52,0,0,104,0,248,0
Alabama,Houston,Alabama Houston,2016,35,0,0,221,0,59,0
Alabama,Jefferson,Alabama Jefferson,2016,49,0,16,147,1,199,3
Alabama,Lawrence,Alabama Lawrence,2016,25,0,0,0,0,118,0
Alabama,Madison,Alabama Madison,2016,40,0,0,235,0,45,57
Alabama,Mobile,Alabama Mobile,2016,41,0,0,138,9,219,0
Alabama,Montgomery,Alabama Montgomery,2016,42,0,0,175,0,188,0
Alabama,Morgan,Alabama Morgan,2016,40,0,0,214,0,151,0
Alabama,Russell,Alabama Russell,2016,43,0,0,176,0,81,0
Alabama,Shelby,Alabama Shelby,2016,41,0,0,244,0,0,0
Alabama,Sumter,Alabama Sumter,2016,34,0,0,185,0,151,0
Alabama,Talladega,Alabama Talladega,2016,35,0,0,0,0,117,0
Alabama,Tuscaloosa,Alabama Tuscaloosa,2016,47,0,0,93,0,272,0
Alaska,Aleutians East ,Alaska Aleutians East ,2016,8,0,0,0,0,119,0
Alaska,Anchorage ,Alaska Anchorage ,2016,31,0,0,0,0,214,147
Alaska,Denali ,Alaska Denali ,2016,33,0,0,354,0,4,0
Alaska,Fairbanks North Star ,Alaska Fairbanks North Star ,2016,37,0,4,136,2,209,15
Alaska,Juneau ,Alaska Juneau ,2016,20,0,0,0,0,297,8
Alaska,Kenai Peninsula ,Alaska Kenai Peninsula ,2016,7,0,0,0,0,122,0
Alaska,Matanuska-Susitna ,Alaska Matanuska-Susitna ,2016,33,0,0,250,0,88,28
Arizona,Apache,Arizona Apache,2016,13,0,0,0,0,33,333
Arizona,Cochise,Arizona Cochise,2016,44,0,0,323,0,3,40
Arizona,Coconino,Arizona Coconino,2016,44,0,0,363,0,3,0
Arizona,Gila,Arizona Gila,2016,85,0,0,82,263,0,21
Arizona,La Paz,Arizona La Paz,2016,41,0,1,291,3,34,36
Arizona,Maricopa,Arizona Maricopa,2016,64,0,33,186,0,74,73
Arizona,Mohave,Arizona Mohave,2016,18,0,0,0,0,34,323
Arizona,Navajo,Arizona Navajo,2016,43,0,0,352,0,0,14
Arizona,Pima,Arizona Pima,2016,49,0,0,245,0,14,107
Arizona,Pinal,Arizona Pinal,2016,69,0,0,109,0,34,223
Arizona,Santa Cruz,Arizona Santa Cruz,2016,38,0,0,0,0,200,163
Arizona,Yavapai,Arizona Yavapai,2016,40,0,0,343,0,6,0
Arizona,Yuma,Arizona Yuma,2016,46,0,0,213,0,43,110
Arkansas,Arkansas,Arkansas Arkansas,2016,33,0,0,0,0,119,0
Arkansas,Ashley,Arkansas Ashley,2016,34,0,0,0,0,118,0
Arkansas,Clark,Arkansas Clark,2016,34,0,0,355,0,0,0
Arkansas,Crittenden,Arkansas Crittenden,2016,39,0,20,308,0,38,0
Arkansas,Garland,Arkansas Garland,2016,36,0,0,0,0,119,0
Arkansas,Jackson,Arkansas Jackson,2016,30,0,0,0,0,115,0
Arkansas,Newton,Arkansas Newton,2016,37,0,0,343,0,23,0
Arkansas,Polk,Arkansas Polk,2016,40,0,0,323,0,43,0
Arkansas,Pulaski,Arkansas Pulaski,2016,44,0,6,166,0,194,0
Arkansas,Union,Arkansas Union,2016,4,0,0,0,246,120,0
Arkansas,Washington,Arkansas Washington,2016,38,0,0,326,0,40,0
California,Alameda,California Alameda,2016,44,0,15,214,0,137,0
California,Alpine,California Alpine,2016,22,0,0,0,0,24,0
California,Amador,California Amador,2016,37,0,0,366,0,0,0
California,Butte,California Butte,2016,52,0,0,199,0,167,0
California,Calaveras,California Calaveras,2016,44,0,0,280,0,85,1
California,Colusa,California Colusa,2016,43,0,0,248,0,99,19
California,Contra Costa,California Contra Costa,2016,40,0,2,223,0,141,0
California,Del Norte,California Del Norte,2016,20,0,0,0,0,177,0
California,El Dorado,California El Dorado,2016,45,0,0,365,0,1,0
California,Fresno,California Fresno,2016,74,0,1,217,0,136,12
California,Glenn,California Glenn,2016,43,0,0,210,0,143,9
California,Humboldt,California Humboldt,2016,35,0,1,229,0,130,6
California,Imperial,California Imperial,2016,60,0,2,144,0,90,130
California,Inyo,California Inyo,2016,44,0,0,313,0,16,37
California,Kern,California Kern,2016,80,0,0,231,0,128,7
California,Kings,California Kings,2016,70,0,0,184,0,133,49
California,Lake,California Lake,2016,33,0,0,363,0,2,0
California,Los Angeles,California Los Angeles,2016,75,0,33,174,0,157,2
California,Madera,California Madera,2016,59,0,0,217,0,134,15
California,Marin,California Marin,2016,32,0,14,221,0,131,0
California,Mariposa,California Mariposa,2016,46,0,0,270,0,80,16
California,Mendocino,California Mendocino,2016,33,0,0,193,0,167,4
California,Merced,California Merced,2016,53,0,0,225,0,138,3
California,Mono,California Mono,2016,18,0,0,0,0,19,347
California,Monterey,California Monterey,2016,36,0,0,262,0,63,41
California,Napa,California Napa,2016,37,0,2,166,0,197,1
California,Nevada,California Nevada,2016,44,0,0,359,0,7,0
California,Orange,California Orange,2016,54,0,30,173,0,162,1
California,Placer,California Placer,2016,48,0,0,290,0,76,0
California,Plumas,California Plumas,2016,32,0,0,0,0,355,0
California,Riverside,California Riverside,2016,82,0,0,210,0,97,59
California,Sacramento,California Sacramento,2016,49,0,5,221,0,140,0
California,San Benito,California San Benito,2016,39,0,0,352,0,14,0
California,San Bernardino,California San Bernardino,2016,83,0,37,204,0,116,9
California,San Diego,California San Diego,2016,66,0,4,224,0,138,0
California,San Francisco,California San Francisco,2016,36,0,45,154,0,166,0
California,San Joaquin,California San Joaquin,2016,55,0,2,144,0,217,3
California,San Luis Obispo,California San Luis Obispo,2016,51,0,0,249,0,75,42
California,San Mateo,California San Mateo,2016,37,0,26,119,0,220,0
California,Santa Barbara,California Santa Barbara,2016,44,0,0,259,0,72,35
California,Santa Clara,California Santa Clara,2016,40,0,14,191,0,161,0
California,Santa Cruz,California Santa Cruz,2016,32,0,0,255,0,111,0
California,Shasta,California Shasta,2016,41,0,0,363,0,3,0
California,Siskiyou,California Siskiyou,2016,27,0,0,342,0,20,0
California,Solano,California Solano,2016,40,0,3,208,0,155,0
California,Sonoma,California Sonoma,2016,32,0,0,298,0,64,4
California,Stanislaus,California Stanislaus,2016,55,0,1,202,0,159,4
California,Sutter,California Sutter,2016,53,0,0,204,0,162,0
California,Tehama,California Tehama,2016,44,0,0,325,0,40,1
California,Trinity,California Trinity,2016,38,0,0,0,0,167,0
California,Tulare,California Tulare,2016,77,0,0,222,0,137,7
California,Tuolumne,California Tuolumne,2016,44,0,0,354,0,0,0
California,Ventura,California Ventura,2016,51,0,0,232,0,127,7
California,Yolo,California Yolo,2016,40,0,1,281,0,83,1
Colorado,Adams,Colorado Adams,2016,44,1,91,181,2,55,36
Colorado,Alamosa,Colorado Alamosa,2016,18,0,0,0,0,4,356
Colorado,Arapahoe,Colorado Arapahoe,2016,44,0,0,360,0,6,0
Colorado,Archuleta,Colorado Archuleta,2016,17,0,0,0,0,0,347
Colorado,Boulder,Colorado Boulder,2016,35,0,0,108,0,80,16
Colorado,Chaffee,Colorado Chaffee,2016,47,0,0,151,0,0,0
Colorado,Clear Creek,Colorado Clear Creek,2016,47,0,0,311,0,0,0
Colorado,Delta,Colorado Delta,2016,16,0,0,0,0,0,119
Colorado,Denver,Colorado Denver,2016,52,0,183,112,1,66,4
Colorado,Douglas,Colorado Douglas,2016,44,0,0,353,0,9,0
Colorado,El Paso,Colorado El Paso,2016,45,0,0,328,16,22,0
Colorado,Fremont,Colorado Fremont,2016,14,0,0,0,0,0,52
Colorado,Garfield,Colorado Garfield,2016,47,0,0,366,0,0,0
Colorado,Grand,Colorado Grand,2016,44,0,0,152,0,0,0
Colorado,Gunnison,Colorado Gunnison,2016,44,0,0,344,0,0,22
Colorado,Jackson,Colorado Jackson,2016,6,0,0,0,0,115,0
Colorado,Jefferson,Colorado Jefferson,2016,46,0,0,366,0,0,0
Colorado,La Plata,Colorado La Plata,2016,46,0,1,359,0,3,3
Colorado,Larimer,Colorado Larimer,2016,50,0,0,317,0,47,2
Colorado,Mesa,Colorado Mesa,2016,46,0,0,299,0,67,0
Colorado,Moffat,Colorado Moffat,2016,41,0,0,345,0,0,0
Colorado,Montezuma,Colorado Montezuma,2016,44,0,0,366,0,0,0
Colorado,Montrose,Colorado Montrose,2016,40,0,0,253,0,0,0
Colorado,Park,Colorado Park,2016,47,0,0,364,0,1,1
Colorado,Pitkin,Colorado Pitkin,2016,12,0,0,0,0,19,103
Colorado,Prowers,Colorado Prowers,2016,17,0,0,0,0,0,357
Colorado,Pueblo,Colorado Pueblo,2016,20,0,0,0,0,72,56
Colorado,Rio Blanco,Colorado Rio Blanco,2016,43,0,0,342,0,24,0
Colorado,Routt,Colorado Routt,2016,15,0,0,0,0,0,352
Colorado,San Juan,Colorado San Juan,2016,6,0,0,0,0,121,0
Colorado,San Miguel,Colorado San Miguel,2016,44,0,0,187,0,0,58
Colorado,Weld,Colorado Weld,2016,45,0,0,286,0,79,1
Connecticut,Fairfield,Connecticut Fairfield,2016,45,0,0,164,0,202,0
Connecticut,Hartford,Connecticut Hartford,2016,41,0,65,158,0,143,0
Connecticut,Litchfield,Connecticut Litchfield,2016,38,0,0,335,0,31,0
Connecticut,Middlesex,Connecticut Middlesex,2016,44,0,0,174,0,0,0
Connecticut,New Haven,Connecticut New Haven,2016,44,0,27,217,0,122,0
Connecticut,New London,Connecticut New London,2016,34,0,0,178,0,179,0
Connecticut,Tolland,Connecticut Tolland,2016,41,0,0,176,0,0,0
Connecticut,Windham,Connecticut Windham,2016,35,0,0,358,0,0,0
Country Of Mexico,BAJA CALIFORNIA NORTE,Country Of Mexico BAJA CALIFORNIA NORTE,2016,63,0,0,0,0,218,58
Delaware,Kent,Delaware Kent,2016,39,0,0,294,0,70,0
Delaware,New Castle,Delaware New Castle,2016,44,0,14,217,1,134,0
Delaware,Sussex,Delaware Sussex,2016,41,0,0,303,0,63,0
District Of Columbia,District of Columbia,District Of Columbia District of Columbia,2016,47,0,31,164,0,171,0
Florida,Alachua,Florida Alachua,2016,37,0,0,227,0,133,0
Florida,Baker,Florida Baker,2016,34,0,0,358,0,0,0
Florida,Bay,Florida Bay,2016,38,0,0,264,0,102,0
Florida,Brevard,Florida Brevard,2016,39,0,0,292,0,74,0
Florida,Broward,Florida Broward,2016,41,1,23,178,0,160,0
Florida,Citrus,Florida Citrus,2016,33,0,0,0,45,319,0
Florida,Collier,Florida Collier,2016,37,0,0,240,0,126,0
Florida,Columbia,Florida Columbia,2016,38,0,0,223,0,122,0
Florida,Duval,Florida Duval,2016,42,0,2,219,3,142,0
Florida,Escambia,Florida Escambia,2016,41,0,0,308,0,58,0
Florida,Flagler,Florida Flagler,2016,35,0,0,362,0,0,0
Florida,Hamilton,Florida Hamilton,2016,33,0,0,0,0,268,0
Florida,Highlands,Florida Highlands,2016,33,0,0,363,0,0,0
Florida,Hillsborough,Florida Hillsborough,2016,44,1,0,224,15,126,0
Florida,Holmes,Florida Holmes,2016,40,0,0,185,0,181,0
Florida,Indian River,Florida Indian River,2016,39,0,0,340,0,0,0
Florida,Lake,Florida Lake,2016,37,0,0,334,0,0,0
Florida,Lee,Florida Lee,2016,38,0,0,260,0,105,1
Florida,Leon,Florida Leon,2016,40,0,0,172,0,189,0
Florida,Liberty,Florida Liberty,2016,33,0,0,342,0,0,0
Florida,Manatee,Florida Manatee,2016,36,0,0,366,0,0,0
Florida,Marion,Florida Marion,2016,38,0,0,239,0,127,0
Florida,Martin,Florida Martin,2016,38,0,0,244,0,119,0
Florida,Miami-Dade,Florida Miami-Dade,2016,43,0,3,128,0,229,0
Florida,Nassau,Florida Nassau,2016,31,0,0,0,111,225,0
Florida,Okaloosa,Florida Okaloosa,2016,36,0,0,358,0,0,8
Florida,Orange,Florida Orange,2016,40,0,12,220,0,134,0
Florida,Osceola,Florida Osceola,2016,35,0,0,366,0,0,0
Florida,Palm Beach,Florida Palm Beach,2016,41,0,0,143,0,140,76
Florida,Pasco,Florida Pasco,2016,37,0,0,366,0,0,0
Florida,Pinellas,Florida Pinellas,2016,40,0,0,242,0,124,0
Florida,Polk,Florida Polk,2016,39,0,0,244,2,120,0
Florida,Putnam,Florida Putnam,2016,14,0,0,0,14,0,352
Florida,Santa Rosa,Florida Santa Rosa,2016,38,0,0,259,0,107,0
Florida,Sarasota,Florida Sarasota,2016,40,0,0,219,0,147,0
Florida,Seminole,Florida Seminole,2016,38,0,0,341,0,17,7
Florida,St. Lucie,Florida St. Lucie,2016,37,0,0,329,0,0,0
Florida,Volusia,Florida Volusia,2016,38,0,0,253,0,106,0
Florida,Wakulla,Florida Wakulla,2016,37,2,0,236,0,104,0
Georgia,Bibb,Georgia Bibb,2016,42,0,0,146,1,219,0
Georgia,Charlton,Georgia Charlton,2016,23,0,0,0,0,117,0
Georgia,Chatham,Georgia Chatham,2016,39,0,0,135,40,191,0
Georgia,Chattooga,Georgia Chattooga,2016,42,0,0,242,0,0,0
Georgia,Clarke,Georgia Clarke,2016,40,0,0,191,0,171,0
Georgia,Clayton,Georgia Clayton,2016,34,0,0,0,0,121,0
Georgia,Cobb,Georgia Cobb,2016,44,0,0,177,0,174,0
Georgia,Coffee,Georgia Coffee,2016,31,0,0,0,0,43,0
Georgia,Columbia,Georgia Columbia,2016,40,0,0,243,0,0,0
Georgia,Coweta,Georgia Coweta,2016,39,0,0,178,0,188,0
Georgia,Dawson,Georgia Dawson,2016,42,0,0,244,0,0,0
Georgia,DeKalb,Georgia DeKalb,2016,51,0,23,123,0,220,0
Georgia,Dougherty,Georgia Dougherty,2016,36,0,0,0,0,363,0
Georgia,Douglas,Georgia Douglas,2016,43,0,0,245,0,0,0
Georgia,Floyd,Georgia Floyd,2016,35,0,0,0,57,309,0
Georgia,Fulton,Georgia Fulton,2016,48,0,24,103,1,238,0
Georgia,Glynn,Georgia Glynn,2016,35,0,0,182,0,161,0
Georgia,Gwinnett,Georgia Gwinnett,2016,42,0,0,202,0,163,0
Georgia,Hall,Georgia Hall,2016,30,0,0,0,0,119,0
Georgia,Henry,Georgia Henry,2016,40,0,0,200,0,165,0
Georgia,Houston,Georgia Houston,2016,33,0,0,0,0,352,0
Georgia,Lowndes,Georgia Lowndes,2016,33,0,0,0,0,327,0
Georgia,Murray,Georgia Murray,2016,43,0,0,242,0,33,0
Georgia,Muscogee,Georgia Muscogee,2016,40,0,0,175,0,185,0
Georgia,Paulding,Georgia Paulding,2016,44,0,0,124,0,240,0
Georgia,Pike,Georgia Pike,2016,40,0,0,339,0,0,0
Georgia,Richmond,Georgia Richmond,2016,40,0,0,146,32,187,0
Georgia,Rockdale,Georgia Rockdale,2016,44,0,0,240,0,0,0
Georgia,Sumter,Georgia Sumter,2016,39,0,0,245,0,0,0
Georgia,Walker,Georgia Walker,2016,38,0,0,0,0,348,0
Georgia,Washington,Georgia Washington,2016,29,0,0,0,0,119,0
Georgia,Wilkinson,Georgia Wilkinson,2016,33,0,0,0,0,117,0
Hawaii,Hawaii,Hawaii Hawaii,2016,151,0,0,0,353,13,0
Hawaii,Honolulu,Hawaii Honolulu,2016,31,0,1,282,0,62,21
Hawaii,Kauai,Hawaii Kauai,2016,14,0,58,0,4,296,0
Hawaii,Maui,Hawaii Maui,2016,21,0,0,0,0,366,0
Idaho,Ada,Idaho Ada,2016,38,0,24,270,0,62,10
Idaho,Bannock,Idaho Bannock,2016,30,0,0,0,80,249,37
Idaho,Benewah,Idaho Benewah,2016,33,0,0,0,0,366,0
Idaho,Blaine,Idaho Blaine,2016,8,0,0,0,0,113,0
Idaho,Boise,Idaho Boise,2016,29,0,0,0,0,363,0
Idaho,Bonner,Idaho Bonner,2016,20,0,0,0,0,309,57
Idaho,Bonneville,Idaho Bonneville,2016,26,0,0,0,0,324,0
Idaho,Butte,Idaho Butte,2016,39,0,0,359,0,3,0
Idaho,Canyon,Idaho Canyon,2016,38,0,0,0,0,346,20
Idaho,Caribou,Idaho Caribou,2016,3,0,0,0,357,0,0
Idaho,Custer,Idaho Custer,2016,8,0,0,0,0,116,0
Idaho,Franklin,Idaho Franklin,2016,25,0,0,0,0,357,0
Idaho,Idaho,Idaho Idaho,2016,30,0,0,30,0,336,0
Idaho,Jerome,Idaho Jerome,2016,13,0,0,0,0,199,0
Idaho,Kootenai,Idaho Kootenai,2016,22,0,0,0,0,351,0
Idaho,Latah,Idaho Latah,2016,8,0,0,0,0,270,0
Idaho,Lemhi,Idaho Lemhi,2016,38,0,0,0,0,364,0
Idaho,Nez Perce,Idaho Nez Perce,2016,23,0,0,0,0,366,0
Idaho,Shoshone,Idaho Shoshone,2016,35,0,0,0,0,364,2
Idaho,Twin Falls,Idaho Twin Falls,2016,17,0,0,0,0,352,0
Idaho,Valley,Idaho Valley,2016,13,0,0,0,0,348,0
Illinois,Adams,Illinois Adams,2016,36,0,0,214,0,0,0
Illinois,Champaign,Illinois Champaign,2016,39,0,0,265,0,101,0
Illinois,Clark,Illinois Clark,2016,38,0,0,203,0,0,0
Illinois,Cook,Illinois Cook,2016,51,0,59,132,0,160,15
Illinois,DuPage,Illinois DuPage,2016,40,0,0,178,0,63,0
Illinois,Effingham,Illinois Effingham,2016,39,0,0,214,0,0,0
Illinois,Hamilton,Illinois Hamilton,2016,39,0,0,170,0,115,0
Illinois,Jersey,Illinois Jersey,2016,40,0,0,183,0,112,0
Illinois,Jo Daviess,Illinois Jo Daviess,2016,33,0,0,350,0,0,0
Illinois,Kane,Illinois Kane,2016,35,0,0,310,0,48,0
Illinois,La Salle,Illinois La Salle,2016,1,0,0,0,350,0,0
Illinois,Lake,Illinois Lake,2016,34,0,0,346,0,0,0
Illinois,Macon,Illinois Macon,2016,41,0,0,181,29,156,0
Illinois,Macoupin,Illinois Macoupin,2016,26,0,0,203,159,0,0
Illinois,Madison,Illinois Madison,2016,44,0,0,203,1,161,1
Illinois,McHenry,Illinois McHenry,2016,37,0,0,217,0,145,0
Illinois,McLean,Illinois McLean,2016,38,0,0,294,0,72,0
Illinois,Monroe,Illinois Monroe,2016,1,0,0,0,245,0,0
Illinois,Peoria,Illinois Peoria,2016,41,0,0,192,4,170,0
Illinois,Randolph,Illinois Randolph,2016,39,0,0,170,0,125,0
Illinois,Rock Island,Illinois Rock Island,2016,33,0,0,306,0,37,0
Illinois,Saint Clair,Illinois Saint Clair,2016,40,0,27,214,0,125,0
Illinois,Sangamon,Illinois Sangamon,2016,35,0,0,323,0,41,0
Illinois,Tazewell,Illinois Tazewell,2016,3,0,0,0,236,0,0
Illinois,Wabash,Illinois Wabash,2016,3,0,0,0,364,0,0
Illinois,Will,Illinois Will,2016,40,0,0,195,0,170,0
Illinois,Winnebago,Illinois Winnebago,2016,34,0,0,314,0,40,0
Indiana,Allen,Indiana Allen,2016,40,0,0,149,0,209,0
Indiana,Bartholomew,Indiana Bartholomew,2016,40,0,6,139,0,221,0
Indiana,Boone,Indiana Boone,2016,40,0,0,181,0,0,0
Indiana,Brown,Indiana Brown,2016,36,0,0,138,0,0,0
Indiana,Carroll,Indiana Carroll,2016,39,0,0,182,0,0,0
Indiana,Clark,Indiana Clark,2016,42,0,0,157,0,208,0
Indiana,Daviess,Indiana Daviess,2016,4,0,0,0,354,0,0
Indiana,Delaware,Indiana Delaware,2016,39,0,0,156,0,74,0
Indiana,Dubois,Indiana Dubois,2016,33,0,0,0,0,125,2
Indiana,Elkhart,Indiana Elkhart,2016,39,0,0,140,0,218,0
Indiana,Floyd,Indiana Floyd,2016,40,0,0,193,3,170,0
Indiana,Fountain,Indiana Fountain,2016,3,0,0,0,175,0,0
Indiana,Gibson,Indiana Gibson,2016,3,0,0,0,366,0,0
Indiana,Greene,Indiana Greene,2016,40,0,0,172,0,72,0
Indiana,Hamilton,Indiana Hamilton,2016,41,0,0,120,0,239,0
Indiana,Hendricks,Indiana Hendricks,2016,40,0,0,183,0,0,0
Indiana,Henry,Indiana Henry,2016,28,0,0,0,0,119,0
Indiana,Howard,Indiana Howard,2016,36,0,0,0,0,325,0
Indiana,Huntington,Indiana Huntington,2016,37,0,0,180,0,0,0
Indiana,Jackson,Indiana Jackson,2016,40,0,0,183,0,0,0
Indiana,Johnson,Indiana Johnson,2016,38,0,0,183,0,0,0
Indiana,Knox,Indiana Knox,2016,35,0,0,359,0,0,0
Indiana,LaPorte,Indiana LaPorte,2016,36,0,0,169,0,75,0
Indiana,Lake,Indiana Lake,2016,40,1,16,113,7,221,8
Indiana,Madison,Indiana Madison,2016,38,0,0,136,0,222,0
Indiana,Marion,Indiana Marion,2016,48,0,4,138,1,221,2
Indiana,Monroe,Indiana Monroe,2016,25,0,0,0,0,354,0
Indiana,Morgan,Indiana Morgan,2016,24,0,0,183,183,0,0
Indiana,Perry,Indiana Perry,2016,41,0,0,183,0,0,0
Indiana,Pike,Indiana Pike,2016,3,0,0,0,363,0,0
Indiana,Porter,Indiana Porter,2016,38,0,0,156,14,172,24
Indiana,Posey,Indiana Posey,2016,39,0,0,181,0,0,0
Indiana,Shelby,Indiana Shelby,2016,39,0,0,183,0,0,0
Indiana,Spencer,Indiana Spencer,2016,32,0,0,0,0,118,0
Indiana,St. Joseph,Indiana St. Joseph,2016,41,0,19,146,0,199,0
Indiana,Tippecanoe,Indiana Tippecanoe,2016,30,0,0,0,0,347,0
Indiana,Vanderburgh,Indiana Vanderburgh,2016,41,2,3,209,0,150,0
Indiana,Vigo,Indiana Vigo,2016,43,0,0,126,29,211,0
Indiana,Wabash,Indiana Wabash,2016,35,0,0,347,0,0,0
Indiana,Warrick,Indiana Warrick,2016,41,0,0,183,60,0,0
Indiana,Wayne,Indiana Wayne,2016,4,0,0,0,366,0,0
Indiana,Whitley,Indiana Whitley,2016,30,0,14,0,0,342,0
Iowa,Black Hawk,Iowa Black Hawk,2016,38,0,0,0,0,364,0
Iowa,Bremer,Iowa Bremer,2016,33,0,0,213,0,0,0
Iowa,Cerro Gordo,Iowa Cerro Gordo,2016,15,0,0,0,0,0,350
Iowa,Clinton,Iowa Clinton,2016,52,0,0,71,2,293,0
Iowa,Delaware,Iowa Delaware,2016,24,0,0,0,0,105,23
Iowa,Harrison,Iowa Harrison,2016,37,0,0,212,0,0,0
Iowa,Johnson,Iowa Johnson,2016,33,0,0,0,0,363,3
Iowa,Lee,Iowa Lee,2016,32,0,0,0,0,113,0
Iowa,Linn,Iowa Linn,2016,40,0,0,118,19,227,2
Iowa,Montgomery,Iowa Montgomery,2016,38,0,0,161,0,205,0
Iowa,Muscatine,Iowa Muscatine,2016,38,0,0,0,15,350,1
Iowa,Palo Alto,Iowa Palo Alto,2016,36,0,0,149,0,214,3
Iowa,Polk,Iowa Polk,2016,37,0,8,137,0,219,2
Iowa,Pottawattamie,Iowa Pottawattamie,2016,29,0,0,0,0,112,25
Iowa,Scott,Iowa Scott,2016,55,0,0,71,0,218,77
Iowa,Story,Iowa Story,2016,35,0,0,212,0,0,0
Iowa,Van Buren,Iowa Van Buren,2016,43,0,0,125,0,241,0
Iowa,Warren,Iowa Warren,2016,33,0,0,212,0,0,0
Iowa,Woodbury,Iowa Woodbury,2016,0,0,0,0,239,106,21
Kansas,Chase,Kansas Chase,2016,18,0,0,0,0,118,0
Kansas,Ford,Kansas Ford,2016,16,0,0,0,0,0,366
Kansas,Johnson,Kansas Johnson,2016,35,0,0,311,0,55,0
Kansas,Leavenworth,Kansas Leavenworth,2016,35,0,0,362,0,0,0
Kansas,Neosho,Kansas Neosho,2016,36,0,0,329,0,33,4
Kansas,Sedgwick,Kansas Sedgwick,2016,40,0,13,269,0,43,41
Kansas,Shawnee,Kansas Shawnee,2016,36,0,0,329,0,32,5
Kansas,Sherman,Kansas Sherman,2016,20,0,0,0,0,0,58
Kansas,Sumner,Kansas Sumner,2016,37,0,2,336,2,24,0
Kansas,Trego,Kansas Trego,2016,38,0,0,342,0,24,0
Kansas,Wyandotte,Kansas Wyandotte,2016,40,0,17,192,0,154,2
Kentucky,Bell,Kentucky Bell,2016,39,0,0,235,0,26,0
Kentucky,Boone,Kentucky Boone,2016,38,0,0,241,0,0,0
Kentucky,Boyd,Kentucky Boyd,2016,42,0,8,128,1,227,2
Kentucky,Bullitt,Kentucky Bullitt,2016,39,0,0,236,0,0,0
Kentucky,Campbell,Kentucky Campbell,2016,44,0,5,126,1,231,0
Kentucky,Carter,Kentucky Carter,2016,37,0,0,229,0,56,1
Kentucky,Christian,Kentucky Christian,2016,39,0,0,222,0,61,0
Kentucky,Daviess,Kentucky Daviess,2016,44,0,0,79,1,286,0
Kentucky,Edmonson,Kentucky Edmonson,2016,36,1,0,312,2,20,0
Kentucky,Fayette,Kentucky Fayette,2016,39,0,30,204,0,128,0
Kentucky,Greenup,Kentucky Greenup,2016,31,0,0,245,121,0,0
Kentucky,Hancock,Kentucky Hancock,2016,39,0,0,242,0,0,0
Kentucky,Hardin,Kentucky Hardin,2016,43,0,0,103,0,261,0
Kentucky,Henderson,Kentucky Henderson,2016,43,0,0,111,0,255,0
Kentucky,Jefferson,Kentucky Jefferson,2016,48,0,14,171,1,180,0
Kentucky,Jessamine,Kentucky Jessamine,2016,35,0,0,245,121,0,0
Kentucky,Livingston,Kentucky Livingston,2016,39,0,0,240,0,0,20
Kentucky,Madison,Kentucky Madison,2016,30,0,0,0,0,97,0
Kentucky,McCracken,Kentucky McCracken,2016,43,0,1,91,1,273,0
Kentucky,Morgan,Kentucky Morgan,2016,37,0,0,365,0,0,0
Kentucky,Oldham,Kentucky Oldham,2016,41,0,0,241,0,0,0
Kentucky,Perry,Kentucky Perry,2016,41,0,0,88,0,264,0
Kentucky,Pike,Kentucky Pike,2016,41,0,0,120,0,246,0
Kentucky,Pulaski,Kentucky Pulaski,2016,39,0,0,212,0,66,0
Kentucky,Simpson,Kentucky Simpson,2016,40,0,0,243,0,0,0
Kentucky,Trigg,Kentucky Trigg,2016,36,0,0,357,0,0,0
Kentucky,Warren,Kentucky Warren,2016,41,0,0,125,0,240,0
Kentucky,Washington,Kentucky Washington,2016,38,0,0,359,0,0,0
Louisiana,Ascension,Louisiana Ascension,2016,36,0,10,355,0,0,0
Louisiana,Bossier,Louisiana Bossier,2016,39,0,0,220,0,139,7
Louisiana,Caddo,Louisiana Caddo,2016,36,0,0,280,0,74,0
Louisiana,Calcasieu,Louisiana Calcasieu,2016,44,0,1,112,7,246,0
Louisiana,East Baton Rouge,Louisiana East Baton Rouge,2016,48,0,4,106,0,253,3
Louisiana,Iberville,Louisiana Iberville,2016,39,0,0,334,0,32,0
Louisiana,Jefferson,Louisiana Jefferson,2016,39,0,6,308,0,52,0
Louisiana,Lafayette,Louisiana Lafayette,2016,40,0,0,262,0,104,0
Louisiana,Lafourche,Louisiana Lafourche,2016,36,0,0,297,0,69,0
Louisiana,Livingston,Louisiana Livingston,2016,43,0,1,154,0,204,0
Louisiana,Orleans,Louisiana Orleans,2016,38,0,40,0,0,326,0
Louisiana,Ouachita,Louisiana Ouachita,2016,36,0,0,286,0,58,0
Louisiana,Pointe Coupee,Louisiana Pointe Coupee,2016,33,0,0,365,0,0,0
Louisiana,Rapides,Louisiana Rapides,2016,34,0,0,0,0,102,0
Louisiana,St. Bernard,Louisiana St. Bernard,2016,42,0,0,190,65,111,0
Louisiana,St. James,Louisiana St. James,2016,31,0,0,366,0,0,0
Louisiana,St. John the Baptist,Louisiana St. John the Baptist,2016,35,0,0,365,0,0,0
Louisiana,St. Martin,Louisiana St. Martin,2016,39,0,0,361,0,0,0
Louisiana,St. Tammany,Louisiana St. Tammany,2016,37,0,0,276,0,87,0
Louisiana,Tangipahoa,Louisiana Tangipahoa,2016,28,0,0,0,0,117,0
Louisiana,Terrebonne,Louisiana Terrebonne,2016,28,0,0,0,0,120,0
Louisiana,West Baton Rouge,Louisiana West Baton Rouge,2016,40,0,14,184,3,165,0
Maine,Androscoggin,Maine Androscoggin,2016,32,0,0,170,0,183,5
Maine,Aroostook,Maine Aroostook,2016,34,0,0,194,0,171,1
Maine,Cumberland,Maine Cumberland,2016,35,0,12,262,0,88,4
Maine,Franklin,Maine Franklin,2016,16,0,0,0,0,347,0
Maine,Hancock,Maine Hancock,2016,36,0,0,331,0,35,0
Maine,Kennebec,Maine Kennebec,2016,30,0,76,206,0,25,2
Maine,Knox,Maine Knox,2016,33,0,0,181,0,0,0
Maine,Oxford,Maine Oxford,2016,31,0,0,168,0,195,0
Maine,Penobscot,Maine Penobscot,2016,36,0,0,193,0,173,0
Maine,Washington,Maine Washington,2016,32,0,0,365,0,1,0
Maine,York,Maine York,2016,35,0,0,236,47,0,0
Maryland,Anne Arundel,Maryland Anne Arundel,2016,42,0,0,206,0,59,2
Maryland,Baltimore,Maryland Baltimore,2016,44,0,31,240,0,95,0
Maryland,Baltimore (City),Maryland Baltimore (City),2016,43,0,53,161,0,152,0
Maryland,Calvert,Maryland Calvert,2016,42,0,0,214,0,0,0
Maryland,Carroll,Maryland Carroll,2016,42,0,0,212,0,0,0
Maryland,Cecil,Maryland Cecil,2016,42,0,0,197,0,162,0
Maryland,Charles,Maryland Charles,2016,42,0,0,213,0,0,0
Maryland,Dorchester,Maryland Dorchester,2016,40,0,0,270,0,96,0
Maryland,Frederick,Maryland Frederick,2016,43,0,0,211,0,0,0
Maryland,Garrett,Maryland Garrett,2016,38,0,1,296,0,67,0
Maryland,Harford,Maryland Harford,2016,41,0,0,196,0,163,0
Maryland,Howard,Maryland Howard,2016,39,1,110,0,0,254,0
Maryland,Kent,Maryland Kent,2016,38,0,0,198,0,159,0
Maryland,Montgomery,Maryland Montgomery,2016,38,0,0,200,0,145,0
Maryland,Prince George's,Maryland Prince George's,2016,43,0,8,239,0,119,0
Maryland,Washington,Maryland Washington,2016,42,0,0,174,0,177,0
Massachusetts,Barnstable,Massachusetts Barnstable,2016,36,0,0,353,0,9,0
Massachusetts,Berkshire,Massachusetts Berkshire,2016,27,0,0,0,0,355,0
Massachusetts,Bristol,Massachusetts Bristol,2016,36,0,0,321,0,45,0
Massachusetts,Dukes,Massachusetts Dukes,2016,35,0,0,339,0,15,0
Massachusetts,Essex,Massachusetts Essex,2016,37,0,2,307,0,57,0
Massachusetts,Franklin,Massachusetts Franklin,2016,35,0,0,270,0,96,0
Massachusetts,Hampden,Massachusetts Hampden,2016,38,0,17,256,0,93,0
Massachusetts,Hampshire,Massachusetts Hampshire,2016,36,0,4,316,0,39,0
Massachusetts,Middlesex,Massachusetts Middlesex,2016,33,0,0,362,0,0,0
Massachusetts,Norfolk,Massachusetts Norfolk,2016,37,0,8,348,0,9,0
Massachusetts,Plymouth,Massachusetts Plymouth,2016,35,0,0,278,0,88,0
Massachusetts,Suffolk,Massachusetts Suffolk,2016,42,0,46,104,0,215,1
Massachusetts,Worcester,Massachusetts Worcester,2016,38,0,17,282,0,67,0
Michigan,Allegan,Michigan Allegan,2016,40,0,0,177,0,63,0
Michigan,Bay,Michigan Bay,2016,28,0,0,0,0,355,0
Michigan,Benzie,Michigan Benzie,2016,38,0,0,170,0,0,0
Michigan,Berrien,Michigan Berrien,2016,40,0,0,175,0,67,0
Michigan,Cass,Michigan Cass,2016,42,0,0,183,0,0,0
Michigan,Chippewa,Michigan Chippewa,2016,31,0,0,134,0,165,0
Michigan,Clinton,Michigan Clinton,2016,41,0,0,181,0,0,0
Michigan,Genesee,Michigan Genesee,2016,38,0,0,172,0,192,0
Michigan,Huron,Michigan Huron,2016,38,0,0,183,0,0,0
Michigan,Ingham,Michigan Ingham,2016,39,0,4,236,2,116,0
Michigan,Kalamazoo,Michigan Kalamazoo,2016,38,0,0,161,0,202,0
Michigan,Kent,Michigan Kent,2016,39,0,0,219,0,147,0
Michigan,Keweenaw,Michigan Keweenaw,2016,9,0,0,0,0,120,0
Michigan,Lenawee,Michigan Lenawee,2016,40,0,0,163,0,198,0
Michigan,Macomb,Michigan Macomb,2016,42,0,0,178,0,65,0
Michigan,Manistee,Michigan Manistee,2016,32,0,0,178,0,63,0
Michigan,Mason,Michigan Mason,2016,38,0,0,180,0,0,0
Michigan,Missaukee,Michigan Missaukee,2016,36,0,0,311,0,54,0
Michigan,Monroe,Michigan Monroe,2016,4,0,0,0,249,117,0
Michigan,Muskegon,Michigan Muskegon,2016,41,0,0,178,0,0,0
Michigan,Oakland,Michigan Oakland,2016,40,0,0,177,0,67,0
Michigan,Ottawa,Michigan Ottawa,2016,11,0,0,166,200,0,0
Michigan,Schoolcraft,Michigan Schoolcraft,2016,29,0,0,179,0,171,0
Michigan,St. Clair,Michigan St. Clair,2016,37,0,0,144,20,200,0
Michigan,Tuscola,Michigan Tuscola,2016,34,0,0,360,0,0,0
Michigan,Washtenaw,Michigan Washtenaw,2016,40,0,0,253,0,113,0
Michigan,Wayne,Michigan Wayne,2016,53,0,17,111,18,191,29
Michigan,Wexford,Michigan Wexford,2016,34,0,0,355,0,0,0
Minnesota,Anoka,Minnesota Anoka,2016,35,0,13,251,0,102,0
Minnesota,Becker,Minnesota Becker,2016,27,0,0,197,0,164,0
Minnesota,Beltrami,Minnesota Beltrami,2016,18,0,0,0,0,358,0
Minnesota,Carlton,Minnesota Carlton,2016,29,0,0,256,0,108,0
Minnesota,Cook,Minnesota Cook,2016,14,0,0,0,0,356,0
Minnesota,Crow Wing,Minnesota Crow Wing,2016,29,0,0,161,0,196,0
Minnesota,Dakota,Minnesota Dakota,2016,28,0,90,0,5,271,0
Minnesota,Goodhue,Minnesota Goodhue,2016,34,0,0,214,0,0,0
Minnesota,Hennepin,Minnesota Hennepin,2016,41,0,21,51,0,123,171
Minnesota,Lake,Minnesota Lake,2016,22,0,0,171,0,133,62
Minnesota,Lyon,Minnesota Lyon,2016,30,0,0,196,0,160,0
Minnesota,Mille Lacs,Minnesota Mille Lacs,2016,30,0,0,211,0,0,0
Minnesota,Olmsted,Minnesota Olmsted,2016,33,0,0,187,1,178,0
Minnesota,Ramsey,Minnesota Ramsey,2016,29,1,0,0,0,327,38
Minnesota,Saint Louis,Minnesota Saint Louis,2016,32,0,0,290,0,69,7
Minnesota,Scott,Minnesota Scott,2016,32,0,0,327,0,34,0
Minnesota,Stearns,Minnesota Stearns,2016,30,0,0,196,0,170,0
Minnesota,Washington,Minnesota Washington,2016,34,0,0,189,0,136,41
Minnesota,Winona,Minnesota Winona,2016,15,0,0,0,0,117,0
Minnesota,Wright,Minnesota Wright,2016,31,0,0,179,0,182,0
Mississippi,Bolivar,Mississippi Bolivar,2016,39,0,0,244,0,0,0
Mississippi,DeSoto,Mississippi DeSoto,2016,40,0,0,132,0,193,0
Mississippi,Forrest,Mississippi Forrest,2016,35,0,0,0,0,336,0
Mississippi,Grenada,Mississippi Grenada,2016,31,0,0,0,0,109,0
Mississippi,Hancock,Mississippi Hancock,2016,37,0,0,205,0,72,0
Mississippi,Harrison,Mississippi Harrison,2016,37,0,0,190,0,169,0
Mississippi,Hinds,Mississippi Hinds,2016,43,0,0,148,0,218,0
Mississippi,Jackson,Mississippi Jackson,2016,35,0,58,226,23,56,0
Mississippi,Lauderdale,Mississippi Lauderdale,2016,37,0,0,212,0,0,0
Mississippi,Lee,Mississippi Lee,2016,39,0,0,238,0,0,0
Mississippi,Yalobusha,Mississippi Yalobusha,2016,33,0,0,360,0,0,0
Missouri,Andrew,Missouri Andrew,2016,40,0,0,214,0,0,0
Missouri,Boone,Missouri Boone,2016,37,0,0,214,0,0,0
Missouri,Buchanan,Missouri Buchanan,2016,33,0,0,0,0,317,46
Missouri,Callaway,Missouri Callaway,2016,38,0,0,214,0,0,0
Missouri,Cass,Missouri Cass,2016,35,0,0,184,0,180,0
Missouri,Cedar,Missouri Cedar,2016,36,0,0,181,0,173,0
Missouri,Clay,Missouri Clay,2016,38,0,0,202,0,159,0
Missouri,Clinton,Missouri Clinton,2016,42,0,0,214,0,0,0
Missouri,Franklin,Missouri Franklin,2016,1,0,0,0,254,0,0
Missouri,Greene,Missouri Greene,2016,38,0,0,183,0,181,2
Missouri,Iron,Missouri Iron,2016,4,0,0,0,366,0,0
Missouri,Jackson,Missouri Jackson,2016,38,0,90,0,1,235,40
Missouri,Jasper,Missouri Jasper,2016,34,0,0,191,0,0,170
Missouri,Jefferson,Missouri Jefferson,2016,40,0,0,163,8,190,5
Missouri,Lincoln,Missouri Lincoln,2016,39,0,0,214,0,0,0
Missouri,Monroe,Missouri Monroe,2016,32,0,0,363,0,0,3
Missouri,Perry,Missouri Perry,2016,42,0,0,214,0,0,0
Missouri,Saint Charles,Missouri Saint Charles,2016,32,0,0,213,151,0,0
Missouri,Saint Louis,Missouri Saint Louis,2016,40,0,38,165,0,163,0
Missouri,Sainte Genevieve,Missouri Sainte Genevieve,2016,39,0,0,214,0,0,0
Missouri,St. Louis City,Missouri St. Louis City,2016,45,0,24,135,0,194,13
Missouri,Stoddard,Missouri Stoddard,2016,24,0,0,0,0,121,0
Missouri,Taney,Missouri Taney,2016,35,0,0,200,0,64,0
Montana,Cascade,Montana Cascade,2016,25,0,0,0,0,356,0
Montana,Fergus,Montana Fergus,2016,36,0,0,342,0,21,3
Montana,Flathead,Montana Flathead,2016,35,0,0,238,0,79,49
Montana,Gallatin,Montana Gallatin,2016,25,3,10,0,0,353,0
Montana,Lake,Montana Lake,2016,6,0,0,0,0,120,0
Montana,Lewis and Clark,Montana Lewis and Clark,2016,40,0,0,277,0,89,0
Montana,Lincoln,Montana Lincoln,2016,33,0,0,0,0,361,5
Montana,Missoula,Montana Missoula,2016,53,0,0,50,0,316,0
Montana,Phillips,Montana Phillips,2016,33,0,0,319,0,47,0
Montana,Powder River,Montana Powder River,2016,37,0,0,272,0,53,41
Montana,Powell,Montana Powell,2016,8,0,0,0,0,119,0
Montana,Ravalli,Montana Ravalli,2016,26,0,0,0,0,351,0
Montana,Richland,Montana Richland,2016,36,0,1,305,3,49,8
Montana,Roosevelt,Montana Roosevelt,2016,10,0,0,0,0,104,0
Montana,Rosebud,Montana Rosebud,2016,38,0,15,294,1,28,28
Montana,Sanders,Montana Sanders,2016,11,0,0,0,0,38,297
Montana,Sheridan,Montana Sheridan,2016,11,0,0,0,0,117,0
Montana,Silver Bow,Montana Silver Bow,2016,22,0,0,0,0,315,51
Montana,Yellowstone,Montana Yellowstone,2016,22,0,0,0,48,315,0
Nebraska,Cass,Nebraska Cass,2016,22,0,0,0,0,0,352
Nebraska,Dawson,Nebraska Dawson,2016,14,0,0,0,0,0,12
Nebraska,Douglas,Nebraska Douglas,2016,40,0,0,192,16,148,10
Nebraska,Hall,Nebraska Hall,2016,22,0,0,0,0,113,0
Nebraska,Knox,Nebraska Knox,2016,35,0,0,350,0,0,0
Nebraska,Lancaster,Nebraska Lancaster,2016,36,0,0,198,7,62,0
Nebraska,Sarpy,Nebraska Sarpy,2016,32,0,0,0,0,357,0
Nebraska,Scotts Bluff,Nebraska Scotts Bluff,2016,19,0,0,0,0,87,0
Nebraska,Thomas,Nebraska Thomas,2016,11,0,0,0,0,113,0
Nebraska,Washington,Nebraska Washington,2016,24,0,0,0,0,117,0
Nevada,Carson City,Nevada Carson City,2016,42,0,0,327,0,39,0
Nevada,Churchill,Nevada Churchill,2016,41,0,0,351,0,0,0
Nevada,Clark,Nevada Clark,2016,58,0,27,219,0,114,6
Nevada,Douglas,Nevada Douglas,2016,26,0,0,0,0,336,0
Nevada,Elko,Nevada Elko,2016,19,0,0,0,0,17,328
Nevada,Lyon,Nevada Lyon,2016,41,0,0,352,0,0,0
Nevada,Nye,Nevada Nye,2016,15,0,0,0,0,0,366
Nevada,Washoe,Nevada Washoe,2016,46,0,16,280,0,59,11
Nevada,White Pine,Nevada White Pine,2016,43,0,0,358,0,3,0
New Hampshire,Belknap,New Hampshire Belknap,2016,33,0,0,180,0,77,0
New Hampshire,Cheshire,New Hampshire Cheshire,2016,36,0,0,287,0,79,0
New Hampshire,Coos,New Hampshire Coos,2016,44,0,0,365,0,0,0
New Hampshire,Grafton,New Hampshire Grafton,2016,33,0,0,294,0,72,0
New Hampshire,Hillsborough,New Hampshire Hillsborough,2016,37,0,0,355,0,11,0
New Hampshire,Merrimack,New Hampshire Merrimack,2016,31,0,0,357,9,0,0
New Hampshire,Rockingham,New Hampshire Rockingham,2016,38,0,0,309,0,57,0
New Jersey,Atlantic,New Jersey Atlantic,2016,38,0,0,287,2,77,0
New Jersey,Bergen,New Jersey Bergen,2016,42,0,93,142,0,131,0
New Jersey,Camden,New Jersey Camden,2016,45,2,16,183,2,153,10
New Jersey,Cumberland,New Jersey Cumberland,2016,39,0,4,244,0,118,0
New Jersey,Essex,New Jersey Essex,2016,40,0,81,150,0,134,1
New Jersey,Gloucester,New Jersey Gloucester,2016,39,0,0,214,0,52,0
New Jersey,Hudson,New Jersey Hudson,2016,42,0,73,138,0,155,0
New Jersey,Hunterdon,New Jersey Hunterdon,2016,39,0,0,279,0,76,0
New Jersey,Mercer,New Jersey Mercer,2016,42,0,0,233,0,133,0
New Jersey,Middlesex,New Jersey Middlesex,2016,40,0,17,232,0,117,0
New Jersey,Monmouth,New Jersey Monmouth,2016,37,0,0,236,0,0,0
New Jersey,Morris,New Jersey Morris,2016,34,0,18,324,0,22,0
New Jersey,Ocean,New Jersey Ocean,2016,37,0,0,202,0,160,0
New Jersey,Passaic,New Jersey Passaic,2016,39,0,0,222,0,48,0
New Jersey,Union,New Jersey Union,2016,42,0,88,0,0,278,0
New Jersey,Warren,New Jersey Warren,2016,39,0,30,151,0,185,0
New Mexico,Bernalillo,New Mexico Bernalillo,2016,50,0,3,235,0,71,57
New Mexico,Catron,New Mexico Catron,2016,9,0,0,0,0,108,0
New Mexico,Chaves,New Mexico Chaves,2016,17,0,0,0,0,117,0
New Mexico,Dona Ana,New Mexico Dona Ana,2016,54,0,1,221,0,64,80
New Mexico,Eddy,New Mexico Eddy,2016,44,0,2,360,0,0,0
New Mexico,Lea,New Mexico Lea,2016,41,0,4,349,0,11,0
New Mexico,Lincoln,New Mexico Lincoln,2016,10,0,0,0,0,113,0
New Mexico,Los Alamos,New Mexico Los Alamos,2016,8,0,0,0,0,119,0
New Mexico,Luna,New Mexico Luna,2016,17,0,0,0,0,0,360
New Mexico,Rio Arriba,New Mexico Rio Arriba,2016,44,0,0,359,0,3,0
New Mexico,San Juan,New Mexico San Juan,2016,44,0,10,355,0,0,1
New Mexico,Sandoval,New Mexico Sandoval,2016,42,0,0,361,0,0,0
New Mexico,Santa Fe,New Mexico Santa Fe,2016,43,0,0,363,0,3,0
New Mexico,Socorro,New Mexico Socorro,2016,11,0,0,0,0,102,0
New Mexico,Taos,New Mexico Taos,2016,12,0,0,0,0,362,0
New Mexico,Valencia,New Mexico Valencia,2016,43,0,0,362,0,0,0
New York,Albany,New York Albany,2016,36,0,0,274,0,92,0
New York,Bronx,New York Bronx,2016,41,0,82,174,0,110,0
New York,Chautauqua,New York Chautauqua,2016,37,0,0,352,3,11,0
New York,Dutchess,New York Dutchess,2016,34,0,0,353,9,0,0
New York,Erie,New York Erie,2016,41,0,27,193,3,143,0
New York,Essex,New York Essex,2016,39,0,0,365,0,1,0
New York,Franklin,New York Franklin,2016,20,0,142,198,26,0,0
New York,Hamilton,New York Hamilton,2016,33,0,0,324,19,0,0
New York,Herkimer,New York Herkimer,2016,32,0,0,347,6,0,0
New York,Jefferson,New York Jefferson,2016,34,0,0,332,0,0,0
New York,Kings,New York Kings,2016,28,0,0,0,0,366,0
New York,Monroe,New York Monroe,2016,38,0,7,224,4,131,0
New York,Nassau,New York Nassau,2016,23,0,0,0,15,351,0
New York,New York,New York New York,2016,43,0,0,161,0,205,0
New York,Niagara,New York Niagara,2016,39,0,0,220,0,0,0
New York,Oneida,New York Oneida,2016,20,0,0,0,0,362,0
New York,Onondaga,New York Onondaga,2016,34,0,0,320,0,46,0
New York,Orange,New York Orange,2016,36,0,0,276,0,90,0
New York,Oswego,New York Oswego,2016,34,0,0,283,0,0,0
New York,Putnam,New York Putnam,2016,35,0,0,356,5,0,0
New York,Queens,New York Queens,2016,39,0,69,198,0,99,0
New York,Richmond,New York Richmond,2016,40,0,0,222,0,144,0
New York,Rockland,New York Rockland,2016,36,0,0,299,0,64,0
New York,Saratoga,New York Saratoga,2016,33,0,0,350,0,0,0
New York,Steuben,New York Steuben,2016,36,3,0,307,1,52,0
New York,Suffolk,New York Suffolk,2016,40,0,0,282,0,84,0
New York,Tompkins,New York Tompkins,2016,36,0,0,361,0,0,0
New York,Wayne,New York Wayne,2016,34,0,0,351,0,0,0
New York,Westchester,New York Westchester,2016,37,0,0,283,0,83,0
North Carolina,Alexander,North Carolina Alexander,2016,39,0,0,212,0,0,66
North Carolina,Avery,North Carolina Avery,2016,41,0,0,346,0,12,0
North Carolina,Beaufort,North Carolina Beaufort,2016,0,0,0,0,344,0,0
North Carolina,Brunswick,North Carolina Brunswick,2016,0,0,0,0,74,0,0
North Carolina,Buncombe,North Carolina Buncombe,2016,38,0,0,167,0,199,0
North Carolina,Caldwell,North Carolina Caldwell,2016,40,0,0,214,50,0,0
North Carolina,Carteret,North Carolina Carteret,2016,36,0,0,327,0,0,0
North Carolina,Caswell,North Carolina Caswell,2016,32,0,0,207,0,4,118
North Carolina,Catawba,North Carolina Catawba,2016,36,0,0,0,0,358,0
North Carolina,Cumberland,North Carolina Cumberland,2016,41,0,0,172,8,184,2
North Carolina,Davidson,North Carolina Davidson,2016,35,0,0,0,0,362,0
North Carolina,Durham,North Carolina Durham,2016,41,0,0,158,0,208,0
North Carolina,Edgecombe,North Carolina Edgecombe,2016,34,0,0,180,0,176,0
North Carolina,Forsyth,North Carolina Forsyth,2016,42,0,19,192,0,155,0
North Carolina,Graham,North Carolina Graham,2016,45,0,0,213,0,0,0
North Carolina,Granville,North Carolina Granville,2016,41,0,0,213,0,0,0
North Carolina,Guilford,North Carolina Guilford,2016,42,0,0,175,0,184,7
North Carolina,Haywood,North Carolina Haywood,2016,44,0,0,213,0,52,0
North Carolina,Hyde,North Carolina Hyde,2016,20,0,0,0,0,108,0
North Carolina,Jackson,North Carolina Jackson,2016,45,0,0,210,0,61,0
North Carolina,Johnston,North Carolina Johnston,2016,40,0,0,174,0,130,0
North Carolina,Lee,North Carolina Lee,2016,43,0,0,197,0,166,0
North Carolina,Lenoir,North Carolina Lenoir,2016,40,0,0,193,0,0,0
North Carolina,Lincoln,North Carolina Lincoln,2016,44,0,0,211,0,0,0
North Carolina,Macon,North Carolina Macon,2016,35,0,0,345,0,0,0
North Carolina,Martin,North Carolina Martin,2016,33,0,0,197,64,0,16
North Carolina,Mecklenburg,North Carolina Mecklenburg,2016,44,0,9,242,0,115,0
North Carolina,Mitchell,North Carolina Mitchell,2016,28,0,0,0,0,232,0
North Carolina,Montgomery,North Carolina Montgomery,2016,37,0,0,273,0,92,0
North Carolina,New Hanover,North Carolina New Hanover,2016,31,0,0,178,16,167,0
North Carolina,Person,North Carolina Person,2016,40,0,0,214,0,0,0
North Carolina,Pitt,North Carolina Pitt,2016,38,0,0,162,0,126,0
North Carolina,Rockingham,North Carolina Rockingham,2016,42,0,0,212,0,0,0
North Carolina,Rowan,North Carolina Rowan,2016,37,0,0,360,0,0,0
North Carolina,Swain,North Carolina Swain,2016,40,0,0,180,0,185,0
North Carolina,Union,North Carolina Union,2016,44,0,0,209,0,0,0
North Carolina,Wake,North Carolina Wake,2016,46,0,2,179,0,185,0
North Carolina,Yancey,North Carolina Yancey,2016,46,0,0,204,0,0,0
North Dakota,Billings,North Dakota Billings,2016,34,0,0,350,1,15,0
North Dakota,Burke,North Dakota Burke,2016,32,0,0,324,3,37,1
North Dakota,Burleigh,North Dakota Burleigh,2016,30,0,12,241,0,60,24
North Dakota,Cass,North Dakota Cass,2016,34,0,1,212,0,133,20
North Dakota,Dunn,North Dakota Dunn,2016,34,0,0,309,0,52,5
North Dakota,McKenzie,North Dakota McKenzie,2016,33,0,1,344,0,21,0
North Dakota,Mercer,North Dakota Mercer,2016,32,0,5,330,11,20,0
North Dakota,Oliver,North Dakota Oliver,2016,32,0,1,336,1,27,1
North Dakota,Stutsman,North Dakota Stutsman,2016,9,0,0,0,34,0,332
North Dakota,Williams,North Dakota Williams,2016,31,0,0,288,25,38,15
Ohio,Adams,Ohio Adams,2016,23,0,0,0,6,360,0
Ohio,Allen,Ohio Allen,2016,34,0,0,206,0,160,0
Ohio,Ashtabula,Ohio Ashtabula,2016,30,0,0,213,153,0,0
Ohio,Athens,Ohio Athens,2016,27,0,0,0,0,60,0
Ohio,Belmont,Ohio Belmont,2016,17,1,259,0,1,98,7
Ohio,Butler,Ohio Butler,2016,42,0,0,287,12,63,4
Ohio,Clark,Ohio Clark,2016,42,0,0,178,3,185,0
Ohio,Clermont,Ohio Clermont,2016,44,0,0,149,0,217,0
Ohio,Clinton,Ohio Clinton,2016,44,0,0,211,0,0,0
Ohio,Columbiana,Ohio Columbiana,2016,1,0,0,0,305,0,60
Ohio,Cuyahoga,Ohio Cuyahoga,2016,47,0,16,138,32,172,8
Ohio,Delaware,Ohio Delaware,2016,41,0,0,212,0,0,0
Ohio,Fayette,Ohio Fayette,2016,37,0,0,353,0,0,0
Ohio,Franklin,Ohio Franklin,2016,42,0,42,184,0,139,1
Ohio,Geauga,Ohio Geauga,2016,44,0,0,214,0,0,0
Ohio,Greene,Ohio Greene,2016,40,0,0,189,0,177,0
Ohio,Hamilton,Ohio Hamilton,2016,49,0,34,147,0,185,0
Ohio,Jefferson,Ohio Jefferson,2016,49,0,0,106,8,252,0
Ohio,Knox,Ohio Knox,2016,41,0,0,213,0,0,0
Ohio,Lake,Ohio Lake,2016,39,1,0,175,11,179,0
Ohio,Lawrence,Ohio Lawrence,2016,39,0,0,152,0,214,0
Ohio,Licking,Ohio Licking,2016,43,0,0,214,0,0,0
Ohio,Lorain,Ohio Lorain,2016,34,0,0,207,0,157,1
Ohio,Lucas,Ohio Lucas,2016,39,0,0,183,32,151,0
Ohio,Madison,Ohio Madison,2016,43,0,0,213,0,0,0
Ohio,Mahoning,Ohio Mahoning,2016,35,0,0,70,0,296,0
Ohio,Medina,Ohio Medina,2016,40,0,0,184,0,178,0
Ohio,Meigs,Ohio Meigs,2016,1,0,0,0,187,0,0
Ohio,Miami,Ohio Miami,2016,43,0,0,213,0,0,0
Ohio,Montgomery,Ohio Montgomery,2016,41,0,0,183,0,183,0
Ohio,Morgan,Ohio Morgan,2016,1,0,0,0,363,0,0
Ohio,Noble,Ohio Noble,2016,38,0,0,324,0,24,0
Ohio,Portage,Ohio Portage,2016,37,0,0,204,0,43,0
Ohio,Preble,Ohio Preble,2016,40,0,0,266,2,98,0
Ohio,Scioto,Ohio Scioto,2016,15,0,0,0,38,115,213
Ohio,Stark,Ohio Stark,2016,40,2,0,179,0,185,0
Ohio,Summit,Ohio Summit,2016,43,0,0,105,0,261,0
Ohio,Trumbull,Ohio Trumbull,2016,39,0,0,189,0,175,2
Ohio,Warren,Ohio Warren,2016,44,0,0,176,0,184,0
Ohio,Washington,Ohio Washington,2016,40,0,0,214,0,0,0
Ohio,Wood,Ohio Wood,2016,41,0,0,214,0,0,0
Oklahoma,Adair,Oklahoma Adair,2016,39,0,0,267,0,98,1
Oklahoma,Caddo,Oklahoma Caddo,2016,33,0,0,137,0,0,0
Oklahoma,Canadian,Oklahoma Canadian,2016,36,0,51,307,0,0,0
Oklahoma,Carter,Oklahoma Carter,2016,41,0,0,255,0,43,0
Oklahoma,Cherokee,Oklahoma Cherokee,2016,38,0,0,269,0,0,0
Oklahoma,Cleveland,Oklahoma Cleveland,2016,40,0,0,269,0,96,0
Oklahoma,Comanche,Oklahoma Comanche,2016,40,0,0,284,0,82,0
Oklahoma,Cotton,Oklahoma Cotton,2016,39,0,0,265,0,0,0
Oklahoma,Creek,Oklahoma Creek,2016,39,0,0,334,0,0,0
Oklahoma,Custer,Oklahoma Custer,2016,15,0,0,0,0,0,360
Oklahoma,Dewey,Oklahoma Dewey,2016,40,0,0,290,0,71,0
Oklahoma,Grady,Oklahoma Grady,2016,9,0,286,0,0,0,0
Oklahoma,Johnston,Oklahoma Johnston,2016,39,0,0,218,0,0,0
Oklahoma,Kay,Oklahoma Kay,2016,43,0,0,136,5,220,0
Oklahoma,Lincoln,Oklahoma Lincoln,2016,37,0,0,288,0,71,6
Oklahoma,Mayes,Oklahoma Mayes,2016,38,0,0,294,0,0,0
Oklahoma,McClain,Oklahoma McClain,2016,37,0,0,362,0,0,0
Oklahoma,Muskogee,Oklahoma Muskogee,2016,18,0,0,0,70,0,294
Oklahoma,Oklahoma,Oklahoma Oklahoma,2016,43,0,28,242,0,93,3
Oklahoma,Osage,Oklahoma Osage,2016,38,0,0,198,0,0,0
Oklahoma,Ottawa,Oklahoma Ottawa,2016,40,0,0,152,0,212,2
Oklahoma,Pittsburg,Oklahoma Pittsburg,2016,40,0,0,249,0,117,0
Oklahoma,Sequoyah,Oklahoma Sequoyah,2016,37,0,58,233,0,66,4
Oklahoma,Tulsa,Oklahoma Tulsa,2016,45,0,1,201,0,164,0
Oklahoma,Washington,Oklahoma Washington,2016,42,0,0,184,0,90,0
Oregon,Baker,Oregon Baker,2016,21,0,0,0,0,362,0
Oregon,Benton,Oregon Benton,2016,15,0,0,0,0,194,0
Oregon,Clackamas,Oregon Clackamas,2016,29,0,0,153,0,62,0
Oregon,Columbia,Oregon Columbia,2016,23,0,0,146,0,202,0
Oregon,Crook,Oregon Crook,2016,20,0,0,0,0,348,0
Oregon,Deschutes,Oregon Deschutes,2016,22,0,0,0,0,327,0
Oregon,Douglas,Oregon Douglas,2016,17,0,0,0,0,339,0
Oregon,Grant,Oregon Grant,2016,22,0,0,0,0,341,0
Oregon,Harney,Oregon Harney,2016,18,0,0,0,0,357,0
Oregon,Jackson,Oregon Jackson,2016,35,0,0,112,0,254,0
Oregon,Josephine,Oregon Josephine,2016,28,0,0,0,0,366,0
Oregon,Klamath,Oregon Klamath,2016,30,0,0,0,0,363,0
Oregon,Lake,Oregon Lake,2016,18,0,0,0,0,360,0
Oregon,Lane,Oregon Lane,2016,34,0,0,141,0,223,2
Oregon,Linn,Oregon Linn,2016,19,0,0,0,0,366,0
Oregon,Marion,Oregon Marion,2016,30,0,0,147,0,214,0
Oregon,Multnomah,Oregon Multnomah,2016,31,0,16,253,0,97,0
Oregon,Umatilla,Oregon Umatilla,2016,31,0,0,136,0,230,0
Oregon,Union,Oregon Union,2016,18,0,0,0,0,357,7
Oregon,Wallowa,Oregon Wallowa,2016,18,0,0,0,0,357,0
Oregon,Wasco,Oregon Wasco,2016,32,0,0,152,0,206,0
Oregon,Washington,Oregon Washington,2016,31,0,45,202,0,119,0
Pennsylvania,Adams,Pennsylvania Adams,2016,42,0,0,290,0,76,0
Pennsylvania,Allegheny,Pennsylvania Allegheny,2016,51,0,0,136,20,210,0
Pennsylvania,Armstrong,Pennsylvania Armstrong,2016,46,0,0,203,0,162,0
Pennsylvania,Beaver,Pennsylvania Beaver,2016,45,0,2,233,3,128,0
Pennsylvania,Berks,Pennsylvania Berks,2016,46,0,0,158,0,208,0
Pennsylvania,Blair,Pennsylvania Blair,2016,40,0,0,196,0,166,4
Pennsylvania,Bradford,Pennsylvania Bradford,2016,38,0,1,221,0,136,0
Pennsylvania,Bucks,Pennsylvania Bucks,2016,33,0,0,347,11,0,0
Pennsylvania,Cambria,Pennsylvania Cambria,2016,43,0,6,209,2,147,1
Pennsylvania,Centre,Pennsylvania Centre,2016,40,0,1,265,0,100,0
Pennsylvania,Chester,Pennsylvania Chester,2016,45,0,0,196,0,169,0
Pennsylvania,Clearfield,Pennsylvania Clearfield,2016,38,0,0,338,0,0,0
Pennsylvania,Cumberland,Pennsylvania Cumberland,2016,39,0,0,0,0,365,0
Pennsylvania,Dauphin,Pennsylvania Dauphin,2016,42,0,0,214,0,152,0
Pennsylvania,Delaware,Pennsylvania Delaware,2016,48,0,5,143,0,218,0
Pennsylvania,Elk,Pennsylvania Elk,2016,37,0,0,346,0,0,0
Pennsylvania,Erie,Pennsylvania Erie,2016,39,0,3,238,0,125,0
Pennsylvania,Franklin,Pennsylvania Franklin,2016,33,0,0,337,0,0,0
Pennsylvania,Greene,Pennsylvania Greene,2016,37,0,0,308,1,46,0
Pennsylvania,Indiana,Pennsylvania Indiana,2016,38,0,0,346,20,0,0
Pennsylvania,Lackawanna,Pennsylvania Lackawanna,2016,41,0,6,242,0,118,0
Pennsylvania,Lancaster,Pennsylvania Lancaster,2016,50,0,0,146,0,220,0
Pennsylvania,Lawrence,Pennsylvania Lawrence,2016,33,0,0,345,17,0,0
Pennsylvania,Lebanon,Pennsylvania Lebanon,2016,50,0,0,125,0,241,0
Pennsylvania,Lehigh,Pennsylvania Lehigh,2016,44,0,0,158,0,203,5
Pennsylvania,Luzerne,Pennsylvania Luzerne,2016,34,0,0,348,0,0,18
Pennsylvania,Lycoming,Pennsylvania Lycoming,2016,34,0,0,353,0,0,13
Pennsylvania,Mercer,Pennsylvania Mercer,2016,42,0,0,250,0,116,0
Pennsylvania,Monroe,Pennsylvania Monroe,2016,40,0,0,261,0,105,0
Pennsylvania,Montgomery,Pennsylvania Montgomery,2016,34,0,0,317,14,0,0
Pennsylvania,Northampton,Pennsylvania Northampton,2016,48,0,1,195,1,169,0
Pennsylvania,Philadelphia,Pennsylvania Philadelphia,2016,49,0,17,160,0,189,0
Pennsylvania,Somerset,Pennsylvania Somerset,2016,36,0,0,357,0,0,0
Pennsylvania,Tioga,Pennsylvania Tioga,2016,39,0,1,314,0,51,0
Pennsylvania,Warren,Pennsylvania Warren,2016,9,0,0,0,366,0,0
Pennsylvania,Washington,Pennsylvania Washington,2016,48,0,0,143,2,221,0
Pennsylvania,Westmoreland,Pennsylvania Westmoreland,2016,45,0,0,162,0,204,0
Pennsylvania,York,Pennsylvania York,2016,44,0,6,217,0,143,0
Puerto Rico,Adjuntas,Puerto Rico Adjuntas,2016,21,0,0,0,0,97,0
Puerto Rico,Bayamon,Puerto Rico Bayamon,2016,21,76,0,171,0,15,0
Puerto Rico,Caguas,Puerto Rico Caguas,2016,25,0,11,0,0,0,0
Puerto Rico,Catano,Puerto Rico Catano,2016,22,0,0,130,4,124,108
Puerto Rico,Fajardo,Puerto Rico Fajardo,2016,22,0,0,0,0,73,169
Puerto Rico,Guayama,Puerto Rico Guayama,2016,21,0,0,0,0,101,1
Puerto Rico,Guayanilla,Puerto Rico Guayanilla,2016,23,0,0,0,0,111,0
Puerto Rico,Guaynabo,Puerto Rico Guaynabo,2016,14,2,234,0,0,97,31
Puerto Rico,Juncos,Puerto Rico Juncos,2016,6,0,0,212,100,0,0
Puerto Rico,Ponce,Puerto Rico Ponce,2016,23,8,0,0,0,78,278
Puerto Rico,Salinas,Puerto Rico Salinas,2016,0,0,0,0,303,0,0
Puerto Rico,San Juan,Puerto Rico San Juan,2016,15,310,0,0,0,0,0
Rhode Island,Kent,Rhode Island Kent,2016,33,0,0,231,0,123,0
Rhode Island,Providence,Rhode Island Providence,2016,42,0,46,169,0,151,0
Rhode Island,Washington,Rhode Island Washington,2016,36,0,0,239,0,122,0
South Carolina,Abbeville,South Carolina Abbeville,2016,39,0,0,311,0,0,0
South Carolina,Aiken,South Carolina Aiken,2016,40,0,0,242,0,0,0
South Carolina,Anderson,South Carolina Anderson,2016,41,0,0,256,0,0,0
South Carolina,Berkeley,South Carolina Berkeley,2016,34,0,0,196,0,0,0
South Carolina,Charleston,South Carolina Charleston,2016,37,0,4,144,0,210,2
South Carolina,Cherokee,South Carolina Cherokee,2016,41,0,0,172,0,0,0
South Carolina,Chesterfield,South Carolina Chesterfield,2016,38,0,0,238,0,116,2
South Carolina,Colleton,South Carolina Colleton,2016,34,0,0,205,0,138,0
South Carolina,Darlington,South Carolina Darlington,2016,39,0,0,241,0,0,0
South Carolina,Edgefield,South Carolina Edgefield,2016,40,0,0,239,0,108,0
South Carolina,Florence,South Carolina Florence,2016,31,0,0,0,0,232,0
South Carolina,Georgetown,South Carolina Georgetown,2016,16,0,0,0,0,0,312
South Carolina,Greenville,South Carolina Greenville,2016,44,0,7,212,0,146,1
South Carolina,Horry,South Carolina Horry,2016,26,0,0,136,0,0,0
South Carolina,Lexington,South Carolina Lexington,2016,35,0,0,0,2,351,9
South Carolina,Oconee,South Carolina Oconee,2016,40,0,0,293,13,56,0
South Carolina,Pickens,South Carolina Pickens,2016,44,0,0,259,0,0,0
South Carolina,Richland,South Carolina Richland,2016,44,0,1,236,0,129,0
South Carolina,Spartanburg,South Carolina Spartanburg,2016,44,0,0,137,0,214,0
South Carolina,York,South Carolina York,2016,39,0,0,325,0,0,0
South Dakota,Brookings,South Dakota Brookings,2016,34,0,0,292,0,48,25
South Dakota,Brown,South Dakota Brown,2016,20,0,0,0,0,103,16
South Dakota,Codington,South Dakota Codington,2016,24,0,0,0,0,199,167
South Dakota,Custer,South Dakota Custer,2016,39,0,0,353,0,12,1
South Dakota,Hughes,South Dakota Hughes,2016,17,0,0,0,0,352,0
South Dakota,Jackson,South Dakota Jackson,2016,37,0,0,353,0,11,0
South Dakota,Meade,South Dakota Meade,2016,35,0,0,349,0,0,17
South Dakota,Minnehaha,South Dakota Minnehaha,2016,38,0,2,271,0,87,6
South Dakota,Pennington,South Dakota Pennington,2016,30,0,47,0,0,138,181
South Dakota,Union,South Dakota Union,2016,35,0,1,240,0,108,17
Tennessee,Anderson,Tennessee Anderson,2016,35,0,0,222,137,0,0
Tennessee,Blount,Tennessee Blount,2016,43,0,0,347,0,19,0
Tennessee,Claiborne,Tennessee Claiborne,2016,38,0,0,344,0,0,0
Tennessee,Davidson,Tennessee Davidson,2016,44,0,49,126,0,191,0
Tennessee,DeKalb,Tennessee DeKalb,2016,37,0,0,351,0,0,0
Tennessee,Dyer,Tennessee Dyer,2016,25,0,0,0,0,96,0
Tennessee,Hamilton,Tennessee Hamilton,2016,45,0,0,233,0,55,0
Tennessee,Jefferson,Tennessee Jefferson,2016,47,0,0,239,0,0,0
Tennessee,Knox,Tennessee Knox,2016,46,0,0,192,0,166,8
Tennessee,Lawrence,Tennessee Lawrence,2016,26,0,0,0,0,116,0
Tennessee,Loudon,Tennessee Loudon,2016,45,0,0,222,0,58,0
Tennessee,Madison,Tennessee Madison,2016,28,0,0,0,0,115,0
Tennessee,Maury,Tennessee Maury,2016,27,0,0,0,0,110,0
Tennessee,McMinn,Tennessee McMinn,2016,32,0,0,0,0,119,0
Tennessee,Montgomery,Tennessee Montgomery,2016,31,0,0,0,30,289,4
Tennessee,Putnam,Tennessee Putnam,2016,29,0,0,0,0,122,0
Tennessee,Roane,Tennessee Roane,2016,31,0,0,0,0,105,12
Tennessee,Sevier,Tennessee Sevier,2016,44,0,0,358,0,0,0
Tennessee,Shelby,Tennessee Shelby,2016,42,0,7,257,0,102,0
Tennessee,Sullivan,Tennessee Sullivan,2016,45,2,22,173,149,20,0
Tennessee,Sumner,Tennessee Sumner,2016,42,0,0,227,0,58,0
Tennessee,Union,Tennessee Union,2016,11,0,0,0,0,0,20
Tennessee,Williamson,Tennessee Williamson,2016,40,0,0,244,0,0,0
Tennessee,Wilson,Tennessee Wilson,2016,41,0,0,225,0,0,0
Texas,Bell,Texas Bell,2016,38,0,0,365,0,0,0
Texas,Bexar,Texas Bexar,2016,43,0,7,222,0,137,0
Texas,Bowie,Texas Bowie,2016,36,0,0,0,0,273,0
Texas,Brazoria,Texas Brazoria,2016,36,0,4,362,0,0,0
Texas,Brewster,Texas Brewster,2016,39,0,0,330,0,29,0
Texas,Cameron,Texas Cameron,2016,40,0,0,172,0,194,0
Texas,Collin,Texas Collin,2016,37,0,0,363,0,0,0
Texas,Culberson,Texas Culberson,2016,15,0,0,0,0,113,0
Texas,Dallas,Texas Dallas,2016,43,0,29,201,0,136,0
Texas,Denton,Texas Denton,2016,40,0,5,286,0,75,0
Texas,Ector,Texas Ector,2016,27,0,0,0,0,365,0
Texas,El Paso,Texas El Paso,2016,49,0,31,195,0,139,1
Texas,Ellis,Texas Ellis,2016,40,0,8,220,0,138,0
Texas,Fayette,Texas Fayette,2016,25,0,0,0,0,361,0
Texas,Galveston,Texas Galveston,2016,42,0,4,281,2,78,1
Texas,Gregg,Texas Gregg,2016,37,0,1,359,6,0,0
Texas,Harris,Texas Harris,2016,49,0,32,169,0,159,6
Texas,Harrison,Texas Harrison,2016,37,0,0,235,1,130,0
Texas,Hidalgo,Texas Hidalgo,2016,36,0,0,182,0,181,3
Texas,Hood,Texas Hood,2016,35,0,0,365,0,0,0
Texas,Howard,Texas Howard,2016,20,0,0,0,28,0,0
Texas,Hunt,Texas Hunt,2016,35,0,1,365,0,0,0
Texas,Hutchinson,Texas Hutchinson,2016,4,0,0,0,59,0,0
Texas,Jefferson,Texas Jefferson,2016,43,0,0,234,35,97,0
Texas,Johnson,Texas Johnson,2016,40,0,0,357,0,0,0
Texas,Kaufman,Texas Kaufman,2016,37,0,2,255,0,109,0
Texas,Kleberg,Texas Kleberg,2016,28,0,0,0,0,153,0
Texas,Lubbock,Texas Lubbock,2016,21,0,0,0,0,119,0
Texas,Maverick,Texas Maverick,2016,27,0,0,0,0,322,0
Texas,McLennan,Texas McLennan,2016,35,0,3,324,0,38,0
Texas,Milam,Texas Milam,2016,0,0,0,0,42,0,0
Texas,Montgomery,Texas Montgomery,2016,43,0,0,226,0,140,0
Texas,Navarro,Texas Navarro,2016,39,0,0,237,13,116,0
Texas,Nueces,Texas Nueces,2016,37,0,0,265,0,101,0
Texas,Orange,Texas Orange,2016,35,0,0,238,11,117,0
Texas,Parker,Texas Parker,2016,37,0,0,365,0,0,0
Texas,Polk,Texas Polk,2016,32,0,0,346,0,0,0
Texas,Potter,Texas Potter,2016,21,0,0,0,18,348,0
Texas,Randall,Texas Randall,2016,41,0,0,346,0,0,0
Texas,Robertson,Texas Robertson,2016,1,0,0,0,73,0,0
Texas,Rockwall,Texas Rockwall,2016,35,0,0,360,0,0,0
Texas,Smith,Texas Smith,2016,37,0,5,361,0,0,0
Texas,Tarrant,Texas Tarrant,2016,43,0,21,227,0,118,0
Texas,Titus,Texas Titus,2016,0,0,0,0,24,0,0
Texas,Travis,Texas Travis,2016,42,0,18,225,0,122,1
Texas,Victoria,Texas Victoria,2016,33,0,0,348,0,0,0
Texas,Webb,Texas Webb,2016,37,0,0,113,0,252,1
Utah,Box Elder,Utah Box Elder,2016,39,0,0,300,0,66,0
Utah,Cache,Utah Cache,2016,44,0,4,246,0,113,3
Utah,Carbon,Utah Carbon,2016,44,0,19,293,0,0,0
Utah,Davis,Utah Davis,2016,44,0,19,262,0,85,0
Utah,Duchesne,Utah Duchesne,2016,45,0,1,337,0,28,0
Utah,Garfield,Utah Garfield,2016,8,0,0,0,0,96,0
Utah,Salt Lake,Utah Salt Lake,2016,50,0,29,264,0,70,3
Utah,San Juan,Utah San Juan,2016,44,0,0,364,0,1,0
Utah,Tooele,Utah Tooele,2016,43,0,0,278,0,88,0
Utah,Uintah,Utah Uintah,2016,47,0,1,349,0,16,0
Utah,Utah,Utah Utah,2016,47,0,61,226,0,75,4
Utah,Washington,Utah Washington,2016,43,0,1,353,0,12,0
Utah,Wayne,Utah Wayne,2016,8,0,0,0,0,120,0
Utah,Weber,Utah Weber,2016,47,0,43,250,0,70,3
Vermont,Bennington,Vermont Bennington,2016,36,0,0,328,0,38,0
Vermont,Chittenden,Vermont Chittenden,2016,35,0,1,308,0,57,0
Vermont,Rutland,Vermont Rutland,2016,35,0,11,232,0,123,0
Vermont,Windham,Vermont Windham,2016,10,0,0,0,0,108,0
Virgin Islands,St Croix,Virgin Islands St Croix,2016,33,0,0,0,0,13,0
Virgin Islands,St John,Virgin Islands St John,2016,21,0,0,0,0,102,0
Virginia,Albemarle,Virginia Albemarle,2016,36,0,0,177,0,189,0
Virginia,Alexandria City,Virginia Alexandria City,2016,12,27,50,0,0,0,100
Virginia,Arlington,Virginia Arlington,2016,36,1,120,205,0,40,0
Virginia,Bristol City,Virginia Bristol City,2016,30,0,0,0,0,119,0
Virginia,Caroline,Virginia Caroline,2016,36,0,0,182,0,0,0
Virginia,Carroll,Virginia Carroll,2016,11,0,0,0,0,0,61
Virginia,Charles,Virginia Charles,2016,31,0,95,192,16,61,0
Virginia,Chesterfield,Virginia Chesterfield,2016,38,0,0,191,0,74,0
Virginia,Fairfax,Virginia Fairfax,2016,39,0,37,158,0,171,0
Virginia,Fauquier,Virginia Fauquier,2016,35,0,0,213,0,0,0
Virginia,Frederick,Virginia Frederick,2016,37,0,0,179,0,179,0
Virginia,Fredericksburg City,Virginia Fredericksburg City,2016,11,0,0,0,0,0,59
Virginia,Giles,Virginia Giles,2016,39,0,0,341,0,0,0
Virginia,Hampton City,Virginia Hampton City,2016,33,0,8,188,8,158,0
Virginia,Hanover,Virginia Hanover,2016,39,0,0,207,0,0,0
Virginia,Henrico,Virginia Henrico,2016,38,0,5,237,0,122,0
Virginia,Hopewell City,Virginia Hopewell City,2016,11,0,0,0,0,0,60
Virginia,King William,Virginia King William,2016,8,0,0,0,0,0,29
Virginia,Loudoun,Virginia Loudoun,2016,34,0,116,202,0,48,0
Virginia,Lynchburg City,Virginia Lynchburg City,2016,28,0,0,0,0,120,0
Virginia,Madison,Virginia Madison,2016,41,0,0,342,0,19,0
Virginia,Norfolk City,Virginia Norfolk City,2016,18,6,254,0,1,99,2
Virginia,Prince Edward,Virginia Prince Edward,2016,33,0,0,345,0,0,0
Virginia,Prince William,Virginia Prince William,2016,31,0,153,213,0,0,0
Virginia,Richmond City,Virginia Richmond City,2016,33,0,60,0,0,302,0
Virginia,Roanoke,Virginia Roanoke,2016,36,0,34,171,0,160,0
Virginia,Rockbridge,Virginia Rockbridge,2016,33,0,0,197,0,67,0
Virginia,Rockingham,Virginia Rockingham,2016,32,0,116,202,0,48,0
Virginia,Salem City,Virginia Salem City,2016,30,0,0,0,0,114,0
Virginia,Stafford,Virginia Stafford,2016,39,0,0,193,0,0,0
Virginia,Suffolk City,Virginia Suffolk City,2016,37,0,0,214,0,0,0
Virginia,Virginia Beach City,Virginia Virginia Beach City,2016,25,0,0,0,0,342,0
Virginia,Winchester City,Virginia Winchester City,2016,10,0,0,0,0,0,59
Virginia,Wythe,Virginia Wythe,2016,41,0,0,208,0,0,0
Washington,Adams,Washington Adams,2016,14,0,0,0,0,346,0
Washington,Asotin,Washington Asotin,2016,27,0,0,0,0,362,0
Washington,Benton,Washington Benton,2016,31,0,0,127,0,201,38
Washington,Chelan,Washington Chelan,2016,22,0,0,0,0,366,0
Washington,Clallam,Washington Clallam,2016,37,0,0,245,0,121,0
Washington,Clark,Washington Clark,2016,28,0,0,136,0,230,0
Washington,Columbia,Washington Columbia,2016,15,0,0,0,0,334,0
Washington,Cowlitz,Washington Cowlitz,2016,18,0,0,0,0,363,0
Washington,Franklin,Washington Franklin,2016,14,0,0,0,0,332,0
Washington,Grant,Washington Grant,2016,18,0,0,0,0,361,0
Washington,Grays Harbor,Washington Grays Harbor,2016,21,0,0,0,0,364,0
Washington,Jefferson,Washington Jefferson,2016,18,0,0,0,0,348,0
Washington,King,Washington King,2016,39,0,100,113,0,153,0
Washington,Kitsap,Washington Kitsap,2016,16,0,0,0,0,357,0
Washington,Kittitas,Washington Kittitas,2016,19,0,0,0,0,366,0
Washington,Klickitat,Washington Klickitat,2016,15,0,0,0,0,122,0
Washington,Lewis,Washington Lewis,2016,19,0,0,0,0,366,0
Washington,Mason,Washington Mason,2016,20,0,0,0,0,366,0
Washington,Okanogan,Washington Okanogan,2016,29,0,0,0,0,366,0
Washington,Pierce,Washington Pierce,2016,40,0,16,249,0,101,0
Washington,Skagit,Washington Skagit,2016,32,0,1,265,0,100,0
Washington,Snohomish,Washington Snohomish,2016,24,0,0,0,0,366,0
Washington,Spokane,Washington Spokane,2016,37,1,0,129,0,231,5
Washington,Stevens,Washington Stevens,2016,26,0,0,0,0,300,66
Washington,Thurston,Washington Thurston,2016,27,0,0,138,0,211,0
Washington,Walla Walla,Washington Walla Walla,2016,18,0,0,0,0,271,0
Washington,Whatcom,Washington Whatcom,2016,25,0,0,145,0,204,0
Washington,Whitman,Washington Whitman,2016,17,0,0,0,0,366,0
Washington,Yakima,Washington Yakima,2016,33,0,0,0,0,362,4
West Virginia,Berkeley,West Virginia Berkeley,2016,40,0,0,196,0,59,0
West Virginia,Brooke,West Virginia Brooke,2016,20,0,0,0,130,112,124
West Virginia,Cabell,West Virginia Cabell,2016,34,0,0,197,99,65,0
West Virginia,Gilmer,West Virginia Gilmer,2016,32,0,0,346,0,0,0
West Virginia,Greenbrier,West Virginia Greenbrier,2016,39,0,0,207,0,0,0
West Virginia,Hancock,West Virginia Hancock,2016,35,0,0,189,79,57,41
West Virginia,Harrison,West Virginia Harrison,2016,31,0,0,0,0,117,0
West Virginia,Kanawha,West Virginia Kanawha,2016,37,34,0,160,20,136,0
West Virginia,Marion,West Virginia Marion,2016,33,0,0,0,0,95,0
West Virginia,Marshall,West Virginia Marshall,2016,32,0,0,0,56,306,0
West Virginia,Monongalia,West Virginia Monongalia,2016,32,0,0,191,102,68,0
West Virginia,Ohio,West Virginia Ohio,2016,43,0,0,203,0,58,0
West Virginia,Tucker,West Virginia Tucker,2016,36,0,0,347,0,9,0
West Virginia,Wood,West Virginia Wood,2016,37,0,0,198,100,65,0
Wisconsin,Ashland,Wisconsin Ashland,2016,32,0,0,346,0,12,0
Wisconsin,Brown,Wisconsin Brown,2016,33,0,0,152,0,214,0
Wisconsin,Columbia,Wisconsin Columbia,2016,38,0,0,199,0,0,0
Wisconsin,Dane,Wisconsin Dane,2016,37,0,0,155,5,204,2
Wisconsin,Dodge,Wisconsin Dodge,2016,36,0,0,274,0,92,0
Wisconsin,Door,Wisconsin Door,2016,36,0,0,188,0,0,0
Wisconsin,Eau Claire,Wisconsin Eau Claire,2016,35,0,0,132,0,227,0
Wisconsin,Fond du Lac,Wisconsin Fond du Lac,2016,38,0,0,189,0,0,0
Wisconsin,Forest,Wisconsin Forest,2016,33,0,0,326,5,24,0
Wisconsin,Grant,Wisconsin Grant,2016,29,0,0,0,0,281,0
Wisconsin,Jefferson,Wisconsin Jefferson,2016,40,0,0,201,0,0,0
Wisconsin,Kenosha,Wisconsin Kenosha,2016,39,0,0,205,0,157,0
Wisconsin,Kewaunee,Wisconsin Kewaunee,2016,37,0,0,188,0,0,0
Wisconsin,La Crosse,Wisconsin La Crosse,2016,32,0,0,171,0,184,0
Wisconsin,Manitowoc,Wisconsin Manitowoc,2016,37,0,0,188,0,0,0
Wisconsin,Marathon,Wisconsin Marathon,2016,35,0,0,192,0,0,0
Wisconsin,Milwaukee,Wisconsin Milwaukee,2016,40,0,36,206,0,122,2
Wisconsin,Oneida,Wisconsin Oneida,2016,1,0,0,0,366,0,0
Wisconsin,Outagamie,Wisconsin Outagamie,2016,33,0,0,177,0,172,0
Wisconsin,Ozaukee,Wisconsin Ozaukee,2016,35,0,0,193,0,162,0
Wisconsin,Racine,Wisconsin Racine,2016,42,0,0,197,0,0,0
Wisconsin,Rock,Wisconsin Rock,2016,39,0,0,187,0,0,0
Wisconsin,Sauk,Wisconsin Sauk,2016,32,0,0,183,0,179,4
Wisconsin,Sheboygan,Wisconsin Sheboygan,2016,39,0,0,203,0,0,0
Wisconsin,Taylor,Wisconsin Taylor,2016,34,0,0,316,0,44,0
Wisconsin,Vilas,Wisconsin Vilas,2016,32,0,0,180,0,25,0
Wisconsin,Walworth,Wisconsin Walworth,2016,38,0,0,188,0,0,0
Wisconsin,Waukesha,Wisconsin Waukesha,2016,38,0,0,140,0,220,0
Wyoming,Albany,Wyoming Albany,2016,46,0,0,295,0,4,67
Wyoming,Big Horn,Wyoming Big Horn,2016,38,0,0,283,0,0,0
Wyoming,Campbell,Wyoming Campbell,2016,43,0,0,232,0,18,116
Wyoming,Carbon,Wyoming Carbon,2016,42,0,6,349,9,2,0
Wyoming,Converse,Wyoming Converse,2016,41,0,1,319,0,5,41
Wyoming,Fremont,Wyoming Fremont,2016,44,0,0,335,0,31,0
Wyoming,Goshen,Wyoming Goshen,2016,42,0,0,266,0,36,51
Wyoming,Laramie,Wyoming Laramie,2016,43,0,5,339,2,20,0
Wyoming,Lincoln,Wyoming Lincoln,2016,13,0,0,0,0,0,366
Wyoming,Natrona,Wyoming Natrona,2016,41,0,13,346,0,5,2
Wyoming,Park,Wyoming Park,2016,12,0,0,0,0,94,27
Wyoming,Platte,Wyoming Platte,2016,16,0,0,0,0,0,57
Wyoming,Sheridan,Wyoming Sheridan,2016,38,0,0,300,0,34,32
Wyoming,Sublette,Wyoming Sublette,2016,44,0,0,351,0,15,0
Wyoming,Sweetwater,Wyoming Sweetwater,2016,44,0,0,323,5,4,34
Wyoming,Teton,Wyoming Teton,2016,41,0,0,351,0,15,0
Wyoming,Uinta,Wyoming Uinta,2016,42,0,0,359,0,0,7
Wyoming,Weston,Wyoming Weston,2016,41,0,0,350,10,6,0